{"credit":"Made with Blockbench","textures":{"0":"omc_daily_events:fisherman_props/fisherman","particle":"omc_daily_events:fisherman_props/fisherman"},"elements":[{"from":[6.1106,0.04828,4.1196],"to":[10.1106,2.04828,13.1196],"rotation":{"angle":0,"axis":"y","origin":[8.1106,1.04828,7.8696]},"faces":{"north":{"uv":[0.375,3.5,0.4375,3.25],"rotation":90,"texture":"#0"},"east":{"uv":[0.375,3.25,0.9375,3.3125],"rotation":180,"texture":"#0"},"south":{"uv":[0.875,3.5,0.9375,3.25],"rotation":270,"texture":"#0"},"west":{"uv":[0.375,3.4375,0.9375,3.5],"texture":"#0"},"up":{"uv":[0.375,3.25,0.9375,3.5],"rotation":90,"texture":"#0"},"down":{"uv":[0.375,3.5,0.9375,3.25],"rotation":270,"texture":"#0"}}},{"from":[6.1106,1.04828,1.1196],"to":[11.1106,1.04828,13.1196],"rotation":{"angle":0,"axis":"y","origin":[8.1106,1.04828,7.8696]},"faces":{"up":{"uv":[0.1875,3.1875,0.9375,3.5],"rotation":90,"texture":"#0"},"down":{"uv":[0.1875,3.5,0.9375,3.1875],"rotation":270,"texture":"#0"}}},{"from":[7.6106,-1.95172,7.6196],"to":[7.6106,4.04828,9.6196],"rotation":{"angle":0,"axis":"y","origin":[8.1106,1.04828,7.8696]},"faces":{"east":{"uv":[0.5,3.5625,0.625,3.9375],"rotation":180,"texture":"#0"},"west":{"uv":[0.5,3.5625,0.625,3.9375],"texture":"#0"}}}],"gui_light":"front","display":{"thirdperson_righthand":{"rotation":[-91,0,0],"translation":[0,4.75,-5.75],"scale":[1.03828,1.03828,1.03828]},"thirdperson_lefthand":{"rotation":[-91,0,0],"translation":[0.25,4.75,-5.75],"scale":[1.03828,1.03828,1.03828]},"firstperson_righthand":{"rotation":[-145,-13,-180],"translation":[7.75,4.25,-0.5],"scale":[0.75352,0.75352,0.75352]},"firstperson_lefthand":{"rotation":[-145,-13,-180],"translation":[7.75,4.25,-0.5],"scale":[0.75352,0.75352,0.75352]},"ground":{"translation":[0,4.5,0],"scale":[0.41406,0.41406,0.41406]},"gui":{"rotation":[-142.73,39.63,-89.3],"translation":[7,-3,0],"scale":[1.36914,1.36914,1.36914]},"head":{"translation":[0,12.75,0],"scale":[0.79492,0.79492,0.79492]},"fixed":{"rotation":[-90,0,0],"translation":[0,0,-16],"scale":[2.00195,2.00195,2.00195]}},"groups":[{"name":"group","origin":[8,8,8],"color":0,"children":[{"name":"group","origin":[8,8,8],"color":0,"children":[0,1,2]}]}],"mcmodels":"47e9fc11ef703093a1d6a70bdf75f953"}